2022987654,Carlos Picoto,a2022987654isec.pt,LEI-PL,SI,0.123,true,
2015123456,Fernanda Gaspar,a2015123456@isec.pt,LEI-CE,DA,0.37,true
2019999999,Mário Tavares,a2019999999@isec.pt,LEI,DAd,0.37,false
2020111111,Rute Miranda,a2020111111@isec.pt,LEI,RAS,0.37,true
2018999999,José Manuel,a2018999999@isec.pt,LEI,RAS,1.34,true
2015123656,Cátia Vanessa,a2015123656@isec.pt,LEI,dfdSI,0.40,true
2019995999,António Jardim,a2019995999@isec.pt,LEI,DA,0.21,true
2013995999,Marcus Aurélio,a2013995999@isec.pt,LEI,DA,0.11,true
2014995759,Dulce Mariana,a2014995759@isec.pt,LEI,DA,0.61,true
2015223656,Roberto Serpins,a2015223656@isec.pt,LEI,dfdSI,0.80,true
2020211111,Antonio Candeia,a2020211111@isec.pt,LEI,DA,0.01,true
2012995999,Vanessa Fabiana,s2012995999@isec.pt,LEI,DA,0.51,true
2012995759,João Paulo,a2012995759@isec.pt,LEI,DA,0.31,true
2012123656,Roberto Jardim,a2012123656@isec.pt,LEI,dfdSI,0.90,treue
2012211111,António Novo,a2012211111@isec.pt,LEI,DA,0.21,true
20201829999918299999,Alexandre Qualquer,a2018299999@isec.pt,LEI,DA,0.31,true
2011899999,João Qualquer,a2011899999@isec.pt,LEI,DA,7.31,true
2021899999,Ricardo Qualquer,a2021899999@isec.pt,LEI,DA,0.13,true
2001899999,José Qualquer,a2001899999@isec.pt,LEI,DA,0.51,true
2004189979,António Qualquer,a2004189979@isec.pt,LEI,DA,0.25,true
2005178999,António Gaspar,a2005178999@isec.pt,LEI,DA,0.91,true
2014299999,António Soares,a2014299999@isec.pt,LEI,SI,0.12,true
2005178399,João Silva,a2005178999@isec.pt,LEI,DA,0.91,true
2014239999,Ricardo Soares,a2014299999@isec.pt,LEI,SI,0.91,true
2015178399,João Banana,a20051278999@isec.pt,LEI,DA,0.91,true
2012239999,Ricardo Ronaldo,a20143299999@isec.pt,LEI,SI,0.91,true
2015198449,João Cardoso,a2012217299@isec.pt,LEI,RAS,0.76,true
2012217299,Felipe Carvalho,a2012217299@isec.pt,LEI,SI,0.63,true