T2,P001,DA,Sound Image Creators,ans@isec.pt,2012995759
T1,P002,DA,Aplicação Digital,ADigitalizados.Lda
T3,P007,Comunicação através de sinais de fumo,2019999999
T1,P010,DA,Gestão de condomínios,Caves e Sótãos.Lda
T3,P017,Compra de fumo,2018999999
T2,P023,DA,Registo de presenças e ausências,jduraes@isec.pt,2020111111
T2,P027,RAS|SI|DA,Shared Wallet,ans@isec.pt,2022987654
T3,P020,Asa de Comunicação,2014995759
T1,P031,DA|SI,Controlo e Estacionamento,Rotundas.SA
T3,P032,Leitura interactiva,2015123456
T3,P037,Comunicação através de animais de fumo,2020211111
T1,P054,SI,SopasdeLetras,JornalCoimbra.Lda
T1,P055,SI,DreamPipes,CanalizadosPontoCom.Lda
T2,P088,DA,Regentes,sarah.cunha@isec.pt,2012123656
T3,P056,Corrida,2013995999
T3,P061,Sonhar alto,2018299999
T3,P062,Cair rápido,2011899999
T2,P070,DA,Compra de Fogo,sarah.cunha@isec.pt,2021899999
T2,P071,DA,Fogo à venda,sarah.cunha@isec.pt,2001899999
T2,P072,DA,Livros fechados,ans@isec.pt,2004189979
T2,P074,DA,Livros abertos,ans@isec.pt,2005178999
T3,P082,Musicas perdidas,2014299999
T1,P041,SI,Musicas Resgatadas,CoimbraFX
T1,P042,SI,Musicas Resgatadass,CoimbraFX
T2,P086,SI,Interface Master,CoimbraFX,jduraes@isec.pt,2004189979
T2,P087,SI,Control ,CoimbraFX,mc.silva@isec.pt,2012239999
T2,P033,SI,Graficos,CoimbraFX,mc.silva@isec.ptt,2015198449
T2,P089,SI,Controlo de comunicação,CoimbraFX,fafe@isec.pt,2012217299
